id,file,type,text
001,001.wav,original,"Das Leben anzunehmen, bedeutet, den Tod zu akzeptieren."
001,001.wav,ipa,/das lˈeːbən ˈant͡suːnˌeːmən bədˈɔʏtət deːn tˈoːt t͡suː ˌakt͡sɛptˈiːrən/
002,002.wav,original,"Habe keine Furcht, wenn das Leben versiegt."
002,002.wav,ipa,/haːbə kˈaɪnə fˈʊɐçt vˌɛn das lˈeːbən vˈɛʁziːkt/
003,003.wav,original,Jeder Funke entzündet eine neue Flamme.
003,003.wav,ipa,/jˈeːdɐ fˈʊŋkə ɛnt͡sˈʏndət ˌaɪnə nˈɔʏə flˈamə/
004,004.wav,original,Geh in Frieden.
004,004.wav,ipa,/ɡˈeː ɪn frˈiːdən/
005,005.wav,original,Ruh dich aus.
005,005.wav,ipa,/rˈuː dɪç ˈaʊs/
006,006.wav,original,Du strahlst so hell.
006,006.wav,ipa,/duː ʃtʁˈaːlst zoː hˈɛl/
007,007.wav,original,Gleite sanft ins Vergessen.
007,007.wav,ipa,/ɡlˈaɪtə zˈanft ɪns fɛʁɡˈɛsən/
008,008.wav,original,"Wie jemand stirbt, offenbart, wie er gelebt hat."
008,008.wav,ipa,/viː jˈeːmant ʃtˈɪʁpt ˈɔfənbˌaʁt viː ɛʁ ɡəlˈeːpt hat/
009,009.wav,original,"Lauf, falls du kannst."
009,009.wav,ipa,/lˈaʊf fˈals duː kˌanst/
010,010.wav,original,Sie wehren sich gut.
010,010.wav,ipa,/ziː vˈeːrən zɪç ɡˈuːt/
011,011.wav,original,Sie brechen so leicht.
011,011.wav,ipa,/ziː bʁˈɛçən zoː lˈaɪçt/
012,012.wav,original,Die Füße werden so schnell müde.
012,012.wav,ipa,/diː fˈyːsə vˌɛʁdən zoː ʃnˈɛl mˈyːdə/
013,013.wav,original,Bereit für die Jagd?
013,013.wav,ipa,/bərˈaɪt fyːʁ diː jˈaːkt/
014,014.wav,original,Das wird richtig wehtun.
014,014.wav,ipa,/das vˌɪʁt rˈɪçtɪç vˈeːtuːn/
015,015.wav,original,Keine Worte mehr.
015,015.wav,ipa,/kˈaɪnə vˈɔʁtə mˈeːʁ/
016,016.wav,original,Raus mit der Gurgel!
016,016.wav,ipa,/rˈaʊs mɪt dɛʁ ɡˈʊɐɡəl/
017,017.wav,original,Ich reiße sie in Stücke.
017,017.wav,ipa,/ɪç rˈaɪsə ziː ɪn ʃtˈʏkə/
018,018.wav,original,"Ob sie weglrennen? ""Lass es uns herausfinden."""
018,018.wav,ipa,/ˌɔp ziː vˈeːklrˌɛnən lˈas ɛs ʊns hɛrˈaʊsfˌɪndən/
019,019.wav,original,"Der ist für dich. ""Ja."""
019,019.wav,ipa,/dɛʁ ɪst fyːʁ dˈɪç jˈaː/
020,020.wav,original,Das Lamm ruft. Der Wolf schlägt zu.
020,020.wav,ipa,/das lˈam rˈʊft dɛʁ vˈɔlf ʃlˈɛːkt t͡sˈuː/
021,021.wav,original,Ein achtloser Schritt. Tanzäne.
021,021.wav,ipa,/aɪn ˈaxtloːzɐ ʃrˈɪt tˈant͡sɛːnə/
022,022.wav,original,Wir leben das Leben. Und sein Ende.
022,022.wav,ipa,/viːʁ lˈeːbən das lˈeːbən ʊnt zaɪn ˈɛndə/
023,023.wav,original,"Gehe in Frieden. Nein, Saphle, flieh!"
023,023.wav,ipa,/ɡˈeːə ɪn frˈiːdən nˈaɪn zˈaːflə flˈiː/
024,024.wav,original,Es ist Zeit. Die ist zu beenden.
024,024.wav,ipa,/ɛsɪst t͡sˈaɪt diː ɪst t͡suː bəˈɛndən/
025,025.wav,original,Meins? Unseres.
025,025.wav,ipa,/mˈaɪns ˈʊnzərəs/
026,026.wav,original,"Flieh, oder steh still. Es macht keinen Unterschied."
026,026.wav,ipa,/flˈiː ˌoːdɐ ʃtˈeː ʃtˈɪl ɛs mˈaxt kˈaɪnən ˌʊntɐʃˈiːt/
027,027.wav,original,Jeder Tag bedeutet Fressen.
027,027.wav,ipa,/jˈeːdɐ tˈaːk bədˈɔʏtət frˈɛsən/
028,028.wav,original,Für uns oder für die anderen.
028,028.wav,ipa,/fyːʁ ʊns ˌoːdɐ fyːʁ diː ˈandərən/
029,029.wav,original,"Scharf genug, um den Schleier zwischen Leben und Tod zu zerschneiden."
029,029.wav,ipa,/ʃˈaʁf ɡənˈuːk ʊm deːn ʃlˈaɪɐ t͡svˈɪʃən lˈeːbən ʊnt tˈoːt t͡suː t͡sɛʁʃnˈaɪdən/
030,030.wav,original,"Je schärfer die Klinge, desto sauberer der Tod."
030,030.wav,ipa,/jeː ʃˈɛʁfɐ diː klˈɪŋə dˈɛstoː zˈaʊbərɐ dɛʁ tˈoːt/
031,031.wav,original,Sie sollen nur meine Stimme hören.
031,031.wav,ipa,/ziː zˌɔlən nˈuːʁ mˌaɪnə ʃtˈɪmə hˈøːrən/
032,032.wav,original,Durch ihre Rüstung.
032,032.wav,ipa,/dʊɐç ˌiːrə rˈʏstʊŋ/
033,033.wav,original,Streife ihre Rüstung ab. Reiße sie in Streifen.
033,033.wav,ipa,/ʃtʁˈaɪfə ˌiːrə rˈʏstʊŋ ˈap rˈaɪsə ziː ɪn ʃtʁˈaɪfən/
034,034.wav,original,Ich bin durstiger.
034,034.wav,ipa,/ɪç bɪn dˈʊɐstɪɡɐ/
035,035.wav,original,Er ist von gestohlenen Leben durchströmt.
035,035.wav,ipa,/ɛʁ ɪst fɔn ɡəʃtˈoːlənən lˈeːbən dʊɐçstʁˈœmt/
036,036.wav,original,Nun können sie uns nicht so einfach ignorieren.
036,036.wav,ipa,/nˈuːn kˌœnən ziː ʊns nˈɪçt zoː ˈaɪnfˌax ˌɪɡnoːrˈiːrən/
037,037.wav,original,"Geschmiedet in einem Land, in dem wir nicht willkommen sind."
037,037.wav,ipa,/ɡəʃmˈiːdət ɪn ˌaɪnəm lˈant ɪn deːm viːʁ nˈɪçt vˈɪlkɔmən zɪnt/
038,038.wav,original,Noch ein Freund.
038,038.wav,ipa,/nˈɔx aɪn frˈɔʏnt/
039,039.wav,original,Sie werden zwei von mir sehen.
039,039.wav,ipa,/ziː vˌɛʁdən t͡svˈaɪ fɔn miːʁ zˈeːən/
040,040.wav,original,Ah.
040,040.wav,ipa,/ˈaː/
041,041.wav,original,Keiner von uns... ist je allein.
041,041.wav,ipa,/kˈaɪnɐ fɔn ˈʊns ɪst jeː alˈaɪn/
042,042.wav,original,Keiner von uns ist je allein.
042,042.wav,ipa,/kˈaɪnɐ fɔn ʊns ɪst jeː alˈaɪn/
043,043.wav,original,Jedes Leben... endet mit uns.
043,043.wav,ipa,/jˈeːdəs lˈeːbən ˈɛndət mɪt ˈʊns/
044,044.wav,original,Wir nehmen unser Zeichen... um es neu zu vergeben.
044,044.wav,ipa,/viːʁ nˈeːmən ˌʊnzɐ t͡sˈaɪçən ʊm ɛs nˈɔʏ t͡suː fɛʁɡˈeːbən/
045,045.wav,original,Unser Zeichen ist verblasst. Wer ist der nächste?
045,045.wav,ipa,/ˌʊnzɐ t͡sˈaɪçən ɪst fɛʁblˈast vˈeːʁ ɪst dɛʁ nˈɛçstə/
046,046.wav,original,Das war eine tolle Jagd.
046,046.wav,ipa,/das vaːʁ ˌaɪnə tˈɔlə jˈaːkt/
047,047.wav,original,"Keine Chance gegen mich.""Die hat niemand, lieber Wolf."
047,047.wav,ipa,/kˈaɪnə ʃˈãsə ɡˌeːɡən mɪç diː hat nˈiːmant lˈiːbɐ vˈɔlf/
048,048.wav,original,"So ergeht es allen, die unser Zeichen tragen."
048,048.wav,ipa,/zoː ɛʁɡˈeːt ɛs ˈalən diː ˌʊnzɐ t͡sˈaɪçən tʁˈaːɡən/
049,049.wav,original,"Wir gewinnen! Immer, lieber Wolf."
049,049.wav,ipa,/viːʁ ɡəvˈɪnən ˈɪmɐ lˈiːbɐ vˈɔlf/
050,050.wav,original,( der Wolf Das Lachen)Das war toll.
050,050.wav,ipa,/dɛʁ vˈɔlf das lˈaxən das vaːʁ tˈɔl/
051,051.wav,original,"Wer ist als Nächstes dran? ""Jeder."""
051,051.wav,ipa,/vˈeːʁ ɪst als nˈɛçstəs dʁˈaːn jˈeːdɐ/
052,052.wav,original,Dein gesamtes Leben hat dich zu diesem Augenblick geführt.
052,052.wav,ipa,/daɪn ɡəzˈamtəs lˈeːbən hat dɪç t͡suː dˌiːzəm ˈaʊɡənblˌɪk ɡəfˈyːʁt/
053,053.wav,original,Das Leben ist so vergänglich.
053,053.wav,ipa,/das lˈeːbən ɪst zoː fɛʁɡˈɛŋlɪç/
054,054.wav,original,"Ob groß, ob klein... ""Alle müssen sterben."""
054,054.wav,ipa,/ˌɔp ɡʁˈoːs ˌɔp klˈaɪn ˈalə mˈʏsən ʃtˈɛʁbən/
055,055.wav,original,Lustige Jagd.
055,055.wav,ipa,/lˈʊstɪɡə jˈaːkt/
056,056.wav,original,"Die sind uns nicht gewachsen. ""Nur wenige sind es, lieber Wolf."""
056,056.wav,ipa,/diː zɪnt ʊns nˈɪçt ɡəvˈaxzən nˈuːʁ vˈeːnɪɡə zɪnt ɛs lˈiːbɐ vˈɔlf/
057,057.wav,original,"Die Jagd endet. ""Und weitere erwarten uns, lieber Wolf."""
057,057.wav,ipa,/diː jˈaːkt ˈɛndət ʊnt vˈaɪtərə ɛʁvˈaʁtən ˈʊns lˈiːbɐ vˈɔlf/
058,058.wav,original,"Gut gejagt, lieber Wolf."
058,058.wav,ipa,/ɡˈuːt ɡəjˈaːkt lˈiːbɐ vˈɔlf/
059,059.wav,original,"Wenn es lebt... ""stirbt es."""
059,059.wav,ipa,/vˌɛn ɛs lˈeːpt ʃtˈɪʁpt ɛs/
060,060.wav,original,Kehre zurück ins Nichts.
060,060.wav,ipa,/kˈeːrə t͡suːrˈʏk ɪns nˈɪçt͡s/
061,061.wav,original,Des Schicksals Fäden. Die Jagd geht wieder los.
061,061.wav,ipa,/dɛs ʃˈɪkzaːls fˈɛːdən diː jˈaːkt ɡˈeːt vˈiːdɐ lˈoːs/
062,062.wav,original,"Bist du da, lieber Wolf? Ich bin da, kleines Lamm. Bist du traurig? Das bin ich. Wie fühlt sich das an? Eine lange Jagd ohne Beute."
062,062.wav,ipa,/bɪst duː dˈaː lˈiːbɐ vˈɔlf ɪç bɪn dˈaː klˈaɪnəs lˈam bɪst duː tʁˈaʊrɪç das bɪn ˈɪç viː fˈyːlt zɪç das ˈan ˌaɪnə lˈaŋə jˈaːkt ˈoːnə bˈɔʏtə/
063,063.wav,original,"Lamm, erzähle mir eine Geschichte."
063,063.wav,ipa,/lˈam ɛʁt͡sˈɛːlə miːʁ ˌaɪnə ɡəʃˈɪçtə/
064,064.wav,original,"Es war einmal ein blasser Mann mit dunklem Haar, der sehr einsam war."
064,064.wav,ipa,/ɛs vaːʁ ˈaɪnmˌaːl aɪn blˈasɐ mˈan mɪt dˈʊŋkləm hˈaːʁ dɛʁ zˈeːʁ ˈaɪnzˌaːm vaːʁ/
065,065.wav,original,Warum war er einsam?
065,065.wav,ipa,/vaːrˈʊm vaːʁ ɛʁ ˈaɪnzˌaːm/
066,066.wav,original,"Alle Dinge müssen diesem Mann begegnen, deshalb mieden sie ihn."
066,066.wav,ipa,/ˈalə dˈɪŋə mˈʏsən dˌiːzəm mˈan bəɡˈeːɡnən dɛshˈalp mˈiːdən ziː ˈiːn/
067,067.wav,original,Hat er sie alle gejagt?
067,067.wav,ipa,/hat ɛʁ ziː ˈalə ɡəjˈaːkt/
068,068.wav,original,Er nahm eine Axt und schlug sich selbst in zwei...
068,068.wav,ipa,/ɛʁ nˈaːm ˌaɪnə ˈakst ʊnt ʃlˈuːk zɪç zˈɛlpst ɪn t͡svˈaɪ/
069,069.wav,original,...in der Mitte durch...
069,069.wav,ipa,/ɪn dɛʁ mˈɪtə dˈʊɐç/
070,070.wav,original,...damit er immer einen Freund haben würde.
070,070.wav,ipa,/daːmˈɪt ɛʁ ˈɪmɐ ˌaɪnən frˈɔʏnt hˌaːbən vˈʏʁdə/
071,071.wav,original,Damit er immer einen Freund haben würde.
071,071.wav,ipa,/daːmˈɪt ɛʁ ˈɪmɐ ˌaɪnən frˈɔʏnt hˌaːbən vˈʏʁdə/
072,072.wav,original,Wird es Zeit?
072,072.wav,ipa,/vˌɪʁt ɛs t͡sˈaɪt/
073,073.wav,original,Wir werden schon bald aus diesem Schlummer erwachen.
073,073.wav,ipa,/viːʁ vˌɛʁdən ʃˌoːn bˈalt ˌaʊs dˌiːzəm ʃlˈʊmɐ ɛʁvˈaxən/
074,074.wav,original,Fühlt sich so das Ende an?
074,074.wav,ipa,/fˈyːlt zɪç zoː das ˈɛndə ˈan/
075,075.wav,original,"Ich weiß es nicht, denn dies ist nicht unser Ende."
075,075.wav,ipa,/ɪç vˈaɪs ɛs nˈɪçt dɛn diːs ɪst nˈɪçt ˌʊnzɐ ˈɛndə/
076,076.wav,original,"Komm, andere auch zurück."
076,076.wav,ipa,/kˈɔm ˈandərə ˌaʊx t͡suːrˈʏk/
077,077.wav,original,"Jene, die zurückkehren, wünschten, sie wären es nicht."
077,077.wav,ipa,/jˈeːnə diː t͡suːrˈʏkkˌeːrən vˈʏnʃtən ziː vˈɛːrən ɛs nˈɪçt/
078,078.wav,original,"Wie alt sind wir, Lamm?"
078,078.wav,ipa,/viː ˈalt zɪnt viːʁ lˈam/
079,079.wav,original,"Älter als jene, deren Fußstapfen längst vergangen sind."
079,079.wav,ipa,/ˈɛltɐ als jˈeːnə dˌeːrən fˈʊsstapfən lˈɛŋst fɛʁɡˈaŋən zɪnt/
080,080.wav,original,Viele Jahre.
080,080.wav,ipa,/fˈiːlə jˈaːrə/
081,081.wav,original,Ich erinnere mich an jedes Einzelne.
081,081.wav,ipa,/ɪç ɛʁˈɪnərə mɪç an jˈeːdəs ˈaɪnt͡sˌɛlnə/
082,082.wav,original,"Haben Sie uns schon vergessen, kleines Lamm?"
082,082.wav,ipa,/hˌaːbən ziː ʊns ʃˌoːn fɛʁɡˈɛsən klˈaɪnəs lˈam/
083,083.wav,original,"Sie alle kennen uns noch immer, doch sie versuchen zu vergessen."
083,083.wav,ipa,/ziː ˈalə kˈɛnən ʊns nˈɔx ˈɪmɐ dɔx ziː fɛʁzˈuːxən t͡suː fɛʁɡˈɛsən/
084,084.wav,original,Wir werden sie schon bald an uns erinnern.
084,084.wav,ipa,/viːʁ vˌɛʁdən ziː ʃˌoːn bˈalt an ʊns ɛʁˈɪnɐn/
085,085.wav,original,"Woran gleichen sich alle Geschichten, lieber Wolf?"
085,085.wav,ipa,/voːrˈan ɡlˈaɪçən zɪç ˈalə ɡəʃˈɪçtən lˈiːbɐ vˈɔlf/
086,086.wav,original,Sie enden.
086,086.wav,ipa,/ziː ˈɛndən/
087,087.wav,original,"Nein, der gehörte mir."
087,087.wav,ipa,/nˈaɪn dɛʁ ɡəhˈœʁtə mˈiːʁ/
088,088.wav,original,Du hast mir die Jagd vermasselt.
088,088.wav,ipa,/duː hast miːʁ diː jˈaːkt fɛʁmˈasəlt/
089,089.wav,original,Es sollte nicht sein.
089,089.wav,ipa,/ɛs zˌɔltə nˈɪçt zaɪn/
090,090.wav,original,Wir werden diesen Diebstahl nicht vergessen.
090,090.wav,ipa,/viːʁ vˌɛʁdən dˌiːzən dˈiːpʃtaːl nˈɪçt fɛʁɡˈɛsən/
091,091.wav,original,"Wie töricht, sich unser Zeichen wegzuschnappen."
091,091.wav,ipa,/viː tˈøːrɪçt zɪç ˌʊnzɐ t͡sˈaɪçən vˈeːkt͡suːʃnˌapən/
092,092.wav,original,Ein dreister Dieb. Ich werde ihn fressen.
092,092.wav,ipa,/aɪn dʁˈaɪstɐ dˈiːp ɪç vˌɛʁdə iːn frˈɛsən/
093,093.wav,original,Du bist zu weit gegangen.
093,093.wav,ipa,/duː bɪst t͡suː vˈaɪt ɡəɡˈaŋən/
094,094.wav,original,Wie schnell kannst du rennen?
094,094.wav,ipa,/viː ʃnˈɛl kˌanst duː rˈɛnən/
095,095.wav,original,Du stiehlst von uns.
095,095.wav,ipa,/duː ʃtˈiːlst fɔn ˈʊns/
096,096.wav,original,Wir stehlen von dir.
096,096.wav,ipa,/viːʁ ʃtˈeːlən fɔn dˈiːʁ/
097,097.wav,original,Die Masken der Jäger suchen nach dir.
097,097.wav,ipa,/diː mˈaskən dɛʁ jˈɛːɡɐ zˈuːxən naːx dˈiːʁ/
098,098.wav,original,"Wir kennen deinen Namen ""und deinen Geruch."""
098,098.wav,ipa,/viːʁ kˈɛnən dˌaɪnən nˈaːmən ʊnt dˌaɪnən ɡərˈʊx/
099,099.wav,original,Die Jagd beginnt.
099,099.wav,ipa,/diː jˈaːkt bəɡˈɪnt/
100,100.wav,original,Deine Zeit ist gekommen.
100,100.wav,ipa,/dˌaɪnə t͡sˈaɪt ɪst ɡəkˈɔmən/
101,101.wav,original,Bereit oder nicht?
101,101.wav,ipa,/bərˈaɪt ˌoːdɐ nˈɪçt/
102,102.wav,original,Unser Zeichen schwebt über dir.
102,102.wav,ipa,/ˌʊnzɐ t͡sˈaɪçən ʃvˈeːpt ˌʏbɐ dˈiːʁ/
103,103.wav,original,Genieße deine letzten Augenblicke.
103,103.wav,ipa,/ɡənˈiːsə dˌaɪnə lˈɛt͡stən ˈaʊɡənblˌɪkə/
104,104.wav,original,Der hier ist bereit.
104,104.wav,ipa,/dɛʁ hˈiːʁ ɪst bərˈaɪt/
105,105.wav,original,Das ewige Zwielicht ruft nach dir.
105,105.wav,ipa,/das ˈeːvɪɡə t͡svˈiːlɪçt rˈʊft naːx dˈiːʁ/
106,106.wav,original,Renne jetzt.
106,106.wav,ipa,/rˈɛnə jˈɛt͡st/
107,107.wav,original,Da bist du ja.
107,107.wav,ipa,/daː bɪst duː jˈaː/
108,108.wav,original,Wir kennen deinen Namen.
108,108.wav,ipa,/viːʁ kˈɛnən dˌaɪnən nˈaːmən/
109,109.wav,original,Wir haben ihn immer gekannt.
109,109.wav,ipa,/viːʁ hˌaːbən iːn ˈɪmɐ ɡəkˈant/
110,110.wav,original,Heute jagt das Schicksal dich.
110,110.wav,ipa,/hˈɔʏtə jˈaːkt das ʃˈɪkzaːl dˈɪç/
111,111.wav,original,Wenn du uns siehst...
111,111.wav,ipa,/vˌɛn duː ʊns zˈiːst/
112,112.wav,original,Ist es zu spät.
112,112.wav,ipa,/ɪst ɛs t͡suː ʃpˈɛːt/
113,113.wav,original,"Halt still, Wolf. ""Äh, es schießt mich nicht."""
113,113.wav,ipa,/hˈalt ʃtˈɪl vˈɔlf ˈɛː ɛs ʃˈiːst mɪç nˈɪçt/
114,114.wav,original,"Was passiert, wenn du daneben schießt?""Keine Ahnung."
114,114.wav,ipa,/vˈas pasˈiːʁt vˌɛn duː daːnˈeːbən ʃˈiːst kˈaɪnə ˈaːnʊŋ/
115,115.wav,original,"Warte, warte, lalala, Peng, schur, peng! ""Machst du mich etwa nach?"""
115,115.wav,ipa,/vˈaʁtə vˈaʁtə lˈalalˌaː pˈɛŋ ʃˈuːʁ pˈɛŋ mˈaxst duː mɪç ˌɛtvaː nˈaːx/
116,116.wav,original,"Ich bin hungrig, ich bin hungrig, mir ist langweilig, Jagd, Jagd, Jagd! ""Jetzt hast du es verstanden."""
116,116.wav,ipa,/ɪç bɪn hˈʊŋɡʁɪç ɪç bɪn hˈʊŋɡʁɪç miːʁ ɪst lˈaŋvˌaɪlɪç jˈaːkt jˈaːkt jˈaːkt jˌɛt͡st hast duː ɛs fɛʁʃtˈandən/
117,117.wav,original,Des Schicksals Lebensfäden.
117,117.wav,ipa,/dɛs ʃˈɪkzaːls lˈeːbənsfˌɛːdən/
118,118.wav,original,"Äh... ""Mmm."""
118,118.wav,ipa,/ˈɛː ˌɛmˌɛmˈɛm/
119,119.wav,original,Wie ging das Gedicht doch gleich?
119,119.wav,ipa,/viː ɡˈɪŋ das ɡədˈɪçt dɔx ɡlˈaɪç/
120,120.wav,original,Hahaha!
120,120.wav,ipa,/hˈaːaːˌaː/
121,121.wav,original,(Das Lachen)
121,121.wav,ipa,/das lˈaxən/
122,122.wav,original,(Das Lachen)
122,122.wav,ipa,/das lˈaxən/
123,123.wav,original,"Jene, die uns fürchten, verleihen uns die meiste Macht."
123,123.wav,ipa,/jˈeːnə diː ʊns fˈʏʁçtən fɛʁlˈaɪən ʊns diː mˈaɪstə mˈaxt/
124,124.wav,original,Wir sind keine Träume. Wir sind das Erwachen.
124,124.wav,ipa,/viːʁ zɪnt kˈaɪnə tʁˈɔʏmə viːʁ zɪnt das ɛʁvˈaxən/
125,125.wav,original,Der einzig wahre Tod ist nie gelebt zu haben.
125,125.wav,ipa,/dɛʁ ˈaɪnt͡sˌiːk vˈaːrə tˈoːt ɪst nˈiː ɡəlˈeːpt t͡suː hˈaːbən/
126,126.wav,original,Es gibt so viele Arten zu sterben.
126,126.wav,ipa,/ɛs ɡˈiːpt zoː fˈiːlə ˈaːʁtən t͡suː ʃtˈɛʁbən/
127,127.wav,original,"Jene, die vor dem Tod davonrennen, haben im Leben stillgestanden."
127,127.wav,ipa,/jˈeːnə diː fˌɔʁ deːm tˈoːt daːfˈɔnrˌɛnən hˌaːbən ɪm lˈeːbən ʃtˈɪlɡɛstˌandən/
128,128.wav,original,Sie werden uns alle kennenlernen. Irgendwann.
128,128.wav,ipa,/ziː vˌɛʁdən ʊns ˈalə kˈɛnənlɐnən ˈɪʁɡəndvˌan/
129,129.wav,original,Schönheit ist vergänglich.
129,129.wav,ipa,/ʃˈœnhaɪt ɪst fɛʁɡˈɛŋlɪç/
130,130.wav,original,Darum ist sie schön.
130,130.wav,ipa,/daːrˈʊm ɪst ziː ʃˈøːn/
131,131.wav,original,"Der Wolf jagt, was nicht freiwillig gehen will."
131,131.wav,ipa,/dɛʁ vˈɔlf jˈaːkt vˈas nˈɪçt frˈaɪvɪlˌɪç ɡˈeːən vɪl/
132,132.wav,original,"Morgen ist eine Hoffnung, niemals ein Versprechen."
132,132.wav,ipa,/mˈɔʁɡən ɪst ˌaɪnə hˈɔfnʊŋ nˈiːmaːls aɪn fɛʁʃpʁˈɛçən/
133,133.wav,original,"Eil dich, Lamm, schneller."
133,133.wav,ipa,/ˈaɪl dˈɪç lˈam ʃnˈɛlɐ/
134,134.wav,original,Ich rieche ihre Angst.
134,134.wav,ipa,/ɪç rˈiːçə ˌiːrə ˈaŋst/
135,135.wav,original,Niemand kann sich verstecken.
135,135.wav,ipa,/nˈiːmant kˌan zɪç fɛʁʃtˈɛkən/
136,136.wav,original,Folge ihrer Fährte.
136,136.wav,ipa,/fˈɔlɡə ˌiːrɐ fˈɛːʁtə/
137,137.wav,original,Es stecken noch kleine Stücke von ihnen zwischen meinen Krallen.
137,137.wav,ipa,/ɛs ʃtˈɛkən nˈɔx klˈaɪnə ʃtˈʏkə fɔn ˌiːnən t͡svˈɪʃən mˌaɪnən kʁˈalən/
138,138.wav,original,Angst macht die Jagd unterhaltsamer.
138,138.wav,ipa,/ˈaŋst mˈaxt diː jˈaːkt ˌʊntɐhˈaltzaːmɐ/
139,139.wav,original,"Wer rennt, gehört mir."
139,139.wav,ipa,/vˈeːʁ rˈɛnt ɡəhˈœʁt mˈiːʁ/
140,140.wav,original,Wie fühlt sich Hunger an? Immer während.
140,140.wav,ipa,/viː fˈyːlt zɪç hˈʊŋɐ ˈan ˈɪmɐ vˌɛːrənt/
141,141.wav,original,"Ich frage mich, wie sie mich sehen. ""Asche auf Wolle."""
141,141.wav,ipa,/ɪç frˈaːɡə mɪç viː ziː mɪç zˈeːən ˈaʃə aʊf vˈɔlə/
142,142.wav,original,"Wir hören sie sich an. ""Federn, die auf frischen Schnee herabfallen."""
142,142.wav,ipa,/viːʁ hˈøːrən ziː zɪç ˈan fˈeːdɐn diː aʊf frˈɪʃən ʃnˈeː hɛrˈabfˌalən/
143,143.wav,original,"Niemand kann sich verstecken, ""aber viele versuchen es."""
143,143.wav,ipa,/nˈiːmant kˌan zɪç fɛʁʃtˈɛkən ˌaːbɐ fˈiːlə fɛʁzˈuːxən ɛs/
144,144.wav,original,"Sie laufen vor uns davon ""und finden uns dennoch nur früher."""
144,144.wav,ipa,/ziː lˈaʊfən fˌɔʁ ʊns daːfˈɔn ʊnt fˈɪndən ʊns dˈɛnɔx nˈuːʁ frˈyːɐ/
145,145.wav,original,"Des Schicksals Lebensfäden... ""Das Gerede verdirbt die ganze Jagd."""
145,145.wav,ipa,/dɛs ʃˈɪkzaːls lˈeːbənsfˌɛːdən das ɡərˈeːdə fɛʁdˈɪʁpt diː ɡˈant͡sə jˈaːkt/
146,146.wav,original,"Alles besteht fort ""in unserem Schatten."""
146,146.wav,ipa,/ˈaləs bəʃtˈeːt fˈɔʁt ɪn ˌʊnsərəm ʃˈatən/
147,147.wav,original,"Sie wissen, wir werden kommen. ""Dennoch sind sie nie vorbereitet."""
147,147.wav,ipa,/ziː vˈɪsən viːʁ vˌɛʁdən kˈɔmən dˈɛnɔx zɪnt ziː nˈiː fˈoːʁbərˌaɪtət/
148,148.wav,original,"Wie lang werden wir zusammen sein? ""Für immer und ewig."""
148,148.wav,ipa,/viː lˈaŋ vˌɛʁdən viːʁ t͡suːzˈamən zaɪn fyːʁ ˈɪmɐ ʊnt ˈeːvɪç/
149,149.wav,original,"Friedlich gehen sie dahin, ""und hungrig folgen wir."""
149,149.wav,ipa,/frˈiːtlɪç ɡˈeːən ziː daːhˈɪn ʊnt hˈʊŋɡʁɪç fˈɔlɡən viːʁ/
150,150.wav,original,"Sie lachen ""und schreien"" ""und tanzen"" ""und fliehen."""
150,150.wav,ipa,/ziː lˈaxən ʊnt ʃrˈaɪən ʊnt tˈant͡sən ʊnt flˈiːən/
151,151.wav,original,"Und überall, wo das Lamm hinging. Folgte ihm der Wolf auf dem Fuße."
151,151.wav,ipa,/ʊnt ˌyːbɐˈal vˌoː das lˈam hˈɪŋɪŋ fˈɔlktə iːm dɛʁ vˈɔlf aʊf deːm fˈuːsə/
152,152.wav,original,"Und überall, wo das Lamm hinging. Folgte ihm der Wolf auf dem Fuße."
152,152.wav,ipa,/ʊnt ˌyːbɐˈal vˌoː das lˈam hˈɪŋɪŋ fˈɔlktə iːm dɛʁ vˈɔlf aʊf deːm fˈuːsə/
153,153.wav,original,(Der Klang der Jagd)
153,153.wav,ipa,/dɛʁ klˈaŋ dɛʁ jˈaːkt/
154,154.wav,original,"Los, Wolf. Schnapp ""sie dir."""
154,154.wav,ipa,/lˈoːs vˈɔlf ʃnˈap ziː dˈiːʁ/
155,155.wav,original,"Jetzt bin ich an der Reihe. ""Jage, wie es dir beliebt."""
155,155.wav,ipa,/jˌɛt͡st bɪn ɪç an dɛʁ rˈaɪə jˈaːɡə viː ɛs diːʁ bəlˈiːpt/
156,156.wav,original,"Jetzt, Wolf. ""Ich bin dran."""
156,156.wav,ipa,/jˈɛt͡st vˈɔlf ɪç bɪn dʁˈaːn/
157,157.wav,original,Meins.
157,157.wav,ipa,/mˈaɪns/
158,158.wav,original,Jetzt.
158,158.wav,ipa,/jˈɛt͡st/
159,159.wav,original,Ra!
159,159.wav,ipa,/rˈaː/
160,160.wav,original,Jetzt.
160,160.wav,ipa,/jˈɛt͡st/
161,161.wav,original,"Ich sehe Wasser. ""Das nennt man Tränen."""
161,161.wav,ipa,/ɪç zˈeːə vˈasɐ das nˈɛnt man tʁˈɛːnən/
162,162.wav,original,Jagd ist das beste Spiel der Welt und ich gewinne immer.
162,162.wav,ipa,/jˈaːkt ɪst das bˈɛstə ʃpˈiːl dɛʁ vˈɛlt ʊnt ɪç ɡəvˈɪnə ˈɪmɐ/
163,163.wav,original,"Du bekommst einen Vorsprung. ""Nicht, dass das helfen würde."""
163,163.wav,ipa,/duː bəkˈɔmst ˌaɪnən fˈoːʁʃpʁˌʊŋ nˈɪçt das das hˈɛlfən vˈʏʁdə/
164,164.wav,original,"Es glaubt, es kann uns schlagen. ""Das nennt man Leugnen."""
164,164.wav,ipa,/ɛs ɡlˈaʊpt ɛs kˌan ʊns ʃlˈaːɡən das nˈɛnt man lˈɔʏɡnən/
165,165.wav,original,"Du hast die Wahl, meine Pfeile ""oder meine Zähne."""
165,165.wav,ipa,/duː hast diː vˈaːl mˌaɪnə pfˈaɪlə ˌoːdɐ mˌaɪnə t͡sˈɛːnə/
166,166.wav,original,"Wir verstehen deine Einsamkeit, aber...  ""Bleib weg."""
166,166.wav,ipa,/viːʁ fɛʁʃtˈeːən dˌaɪnə ˈaɪnzˌaːmkaɪt ˈaːbɐ blˈaɪp vˈeːk/
167,167.wav,original,Lass den Ballon platzen.
167,167.wav,ipa,/lˈas deːn balˈoːn plˈat͡sən/
168,168.wav,original,"Wir kennen deinen Namen, Kind, verwoben mit zahllosen Strängen der Zeit."
168,168.wav,ipa,/viːʁ kˈɛnən dˌaɪnən nˈaːmən kˈɪnt fɛʁvˈoːbən mɪt t͡sˈaːloːzən ʃtʁˈɛŋən dɛʁ t͡sˈaɪt/
169,169.wav,original,"Dein Lied gefällt mir. ""Der Sänger verwechselt Melodie mit Inhalt."""
169,169.wav,ipa,/daɪn lˈiːt ɡəfˈɛlt mˈiːʁ dɛʁ zˈɛŋɐ fɛʁvˈɛksəlt mˌeːloːdˈiː mɪt ˈɪnhalt/
170,170.wav,original,"Wir haben deine Taten lange mitverfolgt. ""Stell dich uns."""
170,170.wav,ipa,/viːʁ hˌaːbən dˌaɪnə tˈaːtən lˈaŋə mˈɪtfɛʁfˌɔlkt ʃtˈɛl dɪç ˈʊns/
171,171.wav,original,Katz' hinterher!
171,171.wav,ipa,/kˈat͡s hˈɪntɐhɐ/
172,172.wav,original,"Rengar ist als Jäger sehr begabt. ""Jetzt ist er die Beute."""
172,172.wav,ipa,/rˈɛŋaːʁ ɪst als jˈɛːɡɐ zˈeːʁ bəɡˈaːpt jˌɛt͡st ɪst ɛʁ diː bˈɔʏtə/
173,173.wav,original,"Komm schon, Saion, setzen wir dieser Farce ein Ende."
173,173.wav,ipa,/kˈɔm ʃˈoːn zaɪˈoːn zˈɛt͡sən viːʁ dˌiːzɐ fˈaʁsə aɪn ˈɛndə/
174,174.wav,original,Manchmal ist der Tod ein Segen.
174,174.wav,ipa,/mˈançmaːl ɪst dɛʁ tˈoːt aɪn zˈeːɡən/
175,175.wav,original,Kein Wolf ist wie ich.
175,175.wav,ipa,/kˈaɪn vˈɔlf ɪst viː ɪç/
176,176.wav,original,Er strahlt noch ein letztes Mal.
176,176.wav,ipa,/ɛʁ ʃtʁˈaːlt nˈɔx aɪn lˈɛt͡stəs mˈaːl/
177,177.wav,original,Genieß den letzten Akt eures Lebens.
177,177.wav,ipa,/ɡənˈiːs deːn lˈɛt͡stən ˈakt ˈɔʏrəs lˈeːbəns/
178,178.wav,original,"Nicht hier, nicht jetzt."
178,178.wav,ipa,/nˈɪçt hˈiːʁ nˈɪçt jˈɛt͡st/
